Instrument,Total Debt,Accounts Payable (CF),NAICS Industry Group Name,Inventories (CF),Delisted Quote Flag,Retained Earnings (Accumulated Deficit),Net Debt Incl. Pref.Stock & Min.Interest,Total Current Assets,Total Liabilities,Company Common Name,CIK Number,Total Equity,Tangible Book Value - Banks,Tangible Book Value - Insurance,"Net Income/Starting Line, Cumulative",Tangible Book Value - Reported,Cash and Short Term Investments,Market Value for Company,Tangible Book Value Per Share,Net Sales,Operating Income,Instrument Is Active Flag,Tangible Book Value - Utility,"Total Assets, Reported",Depreciation And Amortization,Total Current Liabilities
1388775,,,Pharmaceutical and Medicine Manufacturing,,1.0,,,,,Sirtris Pharmaceuticals Inc,1302565.0,,,,,,,,,,,0.0,,,,
1388775,,,,,,,,,,,1388775.0,,,,,,,,,,,,,,,
1391672,,,Communications Equipment Manufacturing,,1.0,,,,,Starent Networks LLC,1391672.0,,,,,,,,,,,0.0,,,,
1391672,,,,,,,,,,,1125064.0,,,,,,,,,,,,,,,
1232524,,,Pharmaceutical and Medicine Manufacturing,,0.0,,,,,Jazz Pharmaceuticals PLC,1232524.0,,,,,,,,,,,1.0,,,,
1500341,,,"Boiler, Tank, and Shipping Container Manufacturing",,,,,,,Mauser Packaging Solutions Intermediate Company Inc,1500341.0,,,,,,,,,,,,,,,
1615418,,,Depository Credit Intermediation,,0.0,,,,,Beneficial Bancorp Inc,1615418.0,,,,,,,,,,,0.0,,,,
1422105,,,Alumina and Aluminum Production and Processing,,0.0,,,,,Noranda Aluminum Holding Corp,1422105.0,,,,,,,,,,,1.0,,,,
1338042,,,Pharmaceutical and Medicine Manufacturing,,1.0,,,,,Aegerion Pharmaceuticals Inc,1338042.0,,,,,,,,,,,0.0,,,,
1392562,,,Depository Credit Intermediation,,1.0,,,,,Louisiana Bancorp Inc,1392562.0,,,,,,,,,,,0.0,,,,
1391127,,,Computer Systems Design and Related Services,,0.0,,,,,Limelight Networks Inc,1391127.0,,,,,,,,,,,1.0,,,,
1365742,,,Audio and Video Equipment Manufacturing,,0.0,,,,,Acorn International Inc,1365742.0,,,,,,,,,,,1.0,,,,
1386607,,,Communications Equipment Manufacturing,,1.0,,,,,Qiao Xing Mobile Communication Co Ltd,1386607.0,,,,,,,,,,,0.0,,,,
1386570,,,Scientific Research and Development Services,,0.0,,,,,Chromadex Corp,1386570.0,,,,,,,,,,,1.0,,,,
1393612,,,Activities Related to Credit Intermediation,,0.0,,,,,Discover Financial Services,1393612.0,,,,,,,,,,,1.0,,,,
1104358,,,Software Publishers,,1.0,,,,,Windstream Bv Holdings Inc,1104358.0,,,,,,,,,,,0.0,,,,
1104358,,,,,,,,,,,1573032.0,,,,,,,,,,,,,,,
1376610,,,Metal Ore Mining,,0.0,,,,,Hycroft Mining Corp,1376610.0,,,,,,,,,,,1.0,,,,
1392994,,,Other Investment Pools and Funds,,0.0,,,,,First Trust Specialty Finance and Financial Opportunities Fund,1392994.0,,,,,,,,,,,1.0,,,,
1437424,390868.0,4041.0,Semiconductor and Other Electronic Component Manufacturing,,0.0,-12005532.0,381183.0,22829.0,441370.0,POET Technologies Inc,1437424.0,615704.0,615704.0,615704.0,-226968.0,615704.0,9685.0,,0.529644,,-311828.0,1.0,615704.0,1056382.0,,441370.0
1324245,,,Computer Systems Design and Related Services,,1.0,,,,,Solera Holdings Inc,1324245.0,,,,,,,,,,,0.0,,,,
1396278,0.0,,Computer Systems Design and Related Services,,,966786.0,-4734307.0,7572190.0,1677161.0,Abbott Informatics Technologies Ltd,1396278.0,6394342.0,6394342.0,6394342.0,2178283.0,6394342.0,4734307.0,,1.005004,5381285.0,2906150.0,,6394342.0,8071503.0,,1653040.0
1043186,74000.0,106000.0,Pipeline Transportation of Natural Gas,-273000.0,0.0,-3209000.0,-113000.0,3781000.0,681000.0,Stabilis Energy Inc,1043186.0,6118000.0,4587000.0,4587000.0,-1678000.0,4587000.0,1247000.0,,9.27097,5248000.0,-1504000.0,1.0,4587000.0,6799000.0,,681000.0
1337905,,,Scientific Research and Development Services,,1.0,,,,,Intellect Neurosciences Inc,1362044.0,,,,,,,,,,,0.0,,,,
1337905,,,,,,,,,,,1337905.0,,,,,,,,,,,,,,,
1372184,,,"Soap, Cleaning Compound, and Toilet Preparation Manufacturing",,0.0,,,,,New You Inc,1372184.0,,,,,,,,,,,1.0,,,,
1396247,,,Semiconductor and Other Electronic Component Manufacturing,,1.0,,,,,China Sunergy Co Ltd,1396247.0,,,,,,,,,,,0.0,,,,
1388855,,,Household Appliance Manufacturing,,0.0,,,,,Deer Consumer Products Inc,1388855.0,,,,,,,,,,,1.0,,,,
1119745,,,Pharmaceutical and Medicine Manufacturing,,,,,,,Eurand NV,1119745.0,,,,,,,,,,,,,,,
1409916,,,General Medical and Surgical Hospitals,,0.0,,,,,Nobilis Health Corp,1409916.0,,,,,,,,,,,0.0,,,,
1381526,,,Other Investment Pools and Funds,,,,,,,Columbus Acquisition Corp,1381526.0,,,,,,,,,,,,,,,
1610827,,,Metal Ore Mining,,1.0,,,,,Eagle Hill Exploration Corp,1610827.0,,,,,,,,,,,0.0,,,,
1385424,,,Semiconductor and Other Electronic Component Manufacturing,,1.0,,,,,LDK Solar Co Ltd,1385424.0,,,,,,,,,,,0.0,,,,
1419428,,,Support Activities for Mining,,0.0,,,,,Vantage Drilling Co,1419428.0,,,,,,,,,,,1.0,,,,
1422471,,,Oil and Gas Extraction,,0.0,,,,,Painted Pony Energy Ltd,1422471.0,,,,,,,,,,,1.0,,,,
1320760,,,"Management, Scientific, and Technical Consulting Services",,0.0,,,,,TSS Inc,1320760.0,,,,,,,,,,,1.0,,,,
1391461,,,Other Investment Pools and Funds,,1.0,,,,,Advent Claymore Convertible Securities and Income Fund II,1391461.0,,,,,,,,,,,0.0,,,,
1393299,,,Other Investment Pools and Funds,,0.0,,,,,BlackRock Enhanced International Dividend Trust,1393299.0,,,,,,,,,,,1.0,,,,
1390840,,,Other Investment Pools and Funds,,1.0,,,,,Dow 30SM Enhanced Premium & Income Fund Inc,1390840.0,,,,,,,,,,,0.0,,,,
1385617,,,Other Investment Pools and Funds,,1.0,,,,,Rmr Asia Real Estate Fund,1385617.0,,,,,,,,,,,0.0,,,,
1388126,,,Other Investment Pools and Funds,,0.0,,,,,Pioneer Diversified High Income Trust,1388126.0,,,,,,,,,,,1.0,,,,
1383006,,,Electric Lighting Equipment Manufacturing,,1.0,,,,,Evolucia Inc,1383006.0,,,,,,,,,,,0.0,,,,
1335293,,,Electric Lighting Equipment Manufacturing,,1.0,,,,,Cyalume Technologies Holdings Inc,1335293.0,,,,,,,,,,,0.0,,,,
1365160,,,Other Electrical Equipment and Component Manufacturing,,0.0,,,,,DoMark International Inc,1365160.0,,,,,,,,,,,0.0,,,,
1345715,,,Other Investment Pools and Funds,,1.0,,,,,Stoneleigh Partners Acquisition Corp,1345715.0,,,,,,,,,,,0.0,,,,
1378846,,,"Advertising, Public Relations, and Related Services",,1.0,,,,,Interclick LLC,1378846.0,,,,,,,,,,,0.0,,,,
1376228,,,Pharmaceutical and Medicine Manufacturing,,1.0,,,,,Kedem Pharmaceuticals Inc,1376228.0,,,,,,,,,,,0.0,,,,
1031093,,,Metal Ore Mining,,0.0,,,,,Silver Bull Resources Inc,1031093.0,,,,,,,29310000.0,,,,1.0,,,,
1406635,,,Other Food Manufacturing,,0.0,,,,,Glg Life Tech Corp,1406635.0,,,,,,,,,,,1.0,,,,
1406635,,,,,,,,,,,1335773.0,,,,,,,,,,,,,,,
1003929,94000.0,7000.0,Scientific Research and Development Services,,0.0,-12524000.0,-828000.0,1045000.0,2732000.0,VIA Pharmaceuticals Inc,1003929.0,-905000.0,-905000.0,-905000.0,-3819000.0,-905000.0,922000.0,220740000.0,-0.52337,118000.0,-3410000.0,1.0,-905000.0,1827000.0,,598000.0
1394029,,,Semiconductor and Other Electronic Component Manufacturing,,0.0,,,,,Yingli Green Energy Holding Co Ltd,1394029.0,,,,,,,,,,,1.0,,,,
1368613,,,Other Investment Pools and Funds,,,,,,,Apex Bioventures Acquisition Corp,1368613.0,,,,,,,,,,,,,,,
1411579,,,Motion Picture and Video Industries,,0.0,,,,,AMC Entertainment Holdings Inc,1411579.0,,,,,,,,,,,1.0,,,,
1393726,,,Insurance Carriers,,0.0,,,,,Tiptree Inc,1393726.0,,,,,,,,,,,1.0,,,,
1391437,,,Other Investment Pools and Funds,,0.0,,,,,Gabelli Healthcare & WellnessRx Trust,1391437.0,,,,,,,,,,,1.0,,,,
1138830,,,Semiconductor and Other Electronic Component Manufacturing,,1.0,,,,,AuthenTec Inc,1138830.0,,,,,,,,,,,0.0,,,,
1132484,,,"Data Processing, Hosting, and Related Services",,,,,,,Netezza LLC,1132484.0,,,,,,,,,,,,,,,
1394220,,,"Water, Sewage and Other Systems",,0.0,,,,,RINO International Corp,1394220.0,,,,,,,1100000.0,,,,1.0,,,,
1361872,,,Animal Food Manufacturing,,1.0,,,,,Westway Group Inc,1361872.0,,,,,,,,,,,0.0,,,,
1335106,,,Pharmaceutical and Medicine Manufacturing,,1.0,,,,,China Shenghuo Pharmaceutical Holdings Inc,1335106.0,,,,,,,,,,,0.0,,,,
1391390,,,"Pulp, Paper, and Paperboard Mills",,1.0,,,,,Boise Inc,1391390.0,,,,,,,,,,,0.0,,,,
1374796,,,Other Investment Pools and Funds,,1.0,,,,,Advanced Technology Acquisition Corp,1374796.0,,,,,,,,,,,0.0,,,,
1689382,,,Wireless Telecommunications Carriers (except Satellite),,0.0,,,,,Trilogy International Partners Inc,1689382.0,,,,,,,,,,,1.0,,,,
1311369,,,"Highway, Street, and Bridge Construction",,1.0,,,,,China Infrastructure Investment Corp,1311369.0,,,,,,,,,,,0.0,,,,
1392363,,,Cement and Concrete Product Manufacturing,,0.0,,,,,Huitao Technology Co Ltd,1392363.0,,,,,,,,,,,1.0,,,,
1393941,,,Insurance Carriers,,1.0,,,,,Geovera Insurance Holdings Ltd,1393941.0,,,,,,,,,,,0.0,,,,
1322494,,,Pharmaceutical and Medicine Manufacturing,,,,,,,NovaCardia Inc,1322494.0,,,,,,,,,,,,,,,
1322494,,,,,,,,,,,1262221.0,,,,,,,,,,,,,,,
1394074,,,Pipeline Transportation of Natural Gas,,0.0,,,,,Spectra Energy Partners LP,1394074.0,,,,,,,,,,,0.0,,,,
1391984,,,Computer and Peripheral Equipment Manufacturing,,,,,,,Data Domain LLC,1391984.0,,,,,,,,,,,,,,,
1391984,,,,,,,,,,,1197125.0,,,,,,,,,,,,,,,
1392972,,,Software Publishers,,0.0,,,,,Pros Holdings Inc,1392972.0,,,,,,,,,,,1.0,,,,
894158,2000000.0,,Pharmaceutical and Medicine Manufacturing,,0.0,-73410000.0,-2393000.0,4538000.0,4378000.0,Synthetic Biologics Inc,894158.0,670000.0,466000.0,466000.0,-17385000.0,466000.0,4393000.0,131840000.0,448.07692,399000.0,-20300000.0,1.0,466000.0,5048000.0,,1195000.0
1381117,,,Other Investment Pools and Funds,,1.0,,,,,Gsc Acquisition Co,1381117.0,,,,,,,,,,,0.0,,,,
1158172,,,"Other Professional, Scientific, and Technical Services",,0.0,,,,,Comscore Inc,1177432.0,,,,,,,,,,,1.0,,,,
1158172,,,,,,,,,,,1158172.0,,,,,,,,,,,,,,,
1287950,,,Semiconductor and Other Electronic Component Manufacturing,,1.0,,,,,Spreadtrum Communications Inc,1287950.0,,,,,,,,,,,0.0,,,,
1326003,,,Other Investment Pools and Funds,,0.0,,,,,BlackRock Capital Investment Corp,1326003.0,,,,,,,,,,,1.0,,,,
1396277,,,Other Investment Pools and Funds,,0.0,,,,,Calamos Global Dynamic Income Fund,1396277.0,,,,,,,,,,,1.0,,,,
1396167,,,Other Investment Pools and Funds,,0.0,,,,,Delaware Enhanced Global Dividend and Income Fund,1396167.0,,,,,,,,,,,1.0,,,,
1395999,,,Other Investment Pools and Funds,,1.0,,,,,DWS Rreef World Real Estate and Tactical Strategies Fund Inc,1395999.0,,,,,,,,,,,0.0,,,,
1389611,,,Other Investment Pools and Funds,,1.0,,,,,MLP & Strategic Equity Fund Inc,1389611.0,,,,,,,,,,,0.0,,,,
1397173,,,Other Investment Pools and Funds,,0.0,,,,,Nuveen Tax-Advantaged Dividend Growth Fund,1397173.0,,,,,,,,,,,1.0,,,,
1393662,,,Other Investment Pools and Funds,,0.0,,,,,Invesco Dynamic Credit Opportunities Fund,1393662.0,,,,,,,,,,,1.0,,,,
1376556,,,Grocery and Related Product Merchant Wholesalers,,1.0,,,,,Vaughan Foods Inc,1371833.0,,,,,,,,,,,0.0,,,,
1376556,,,,,,,,,,,1376556.0,,,,,,,,,,,,,,,
1441758,,,,,,,,,,,,,,,,,,,,,,,,,,
920189,,,Pharmaceutical and Medicine Manufacturing,,1.0,,,,,Quark Pharmaceuticals Inc,920189.0,,,,,,,,,,,0.0,,,,
1443979,,,"Advertising, Public Relations, and Related Services",,0.0,,,,,China Networks International Holdings Ltd,1443979.0,,,,,,,,,,,1.0,,,,
1393355,,,Metal Ore Mining,,0.0,,,,,Copper Mountain Mining Corp,1393355.0,,,,,,,,,,,1.0,,,,
1444754,,,"Pesticide, Fertilizer, and Other Agricultural Chemical Manufacturing",,0.0,,,,,Phosphate Holdings Inc,1444754.0,,,,,,,,,,,1.0,,,,
1513153,,,Motor Vehicle Manufacturing,,,,,,,FCA US LLC,1513153.0,,,,,,,,,,,,,,,
1397966,,,"Deep Sea, Coastal, and Great Lakes Water Transportation",,0.0,,,,,Winland Ocean Shipping Corp,1397966.0,,,,,,,,,,,1.0,,,,
752789,659000.0,0.0,"Navigational, Measuring, Electromedical, and Control Instruments Manufacturing",-91000.0,0.0,-20642000.0,15000.0,10730000.0,5649000.0,Xcorporeal Inc,752789.0,8492000.0,5916000.0,5916000.0,-6750000.0,5916000.0,3386000.0,13970000.0,87.64444,4440000.0,-7098000.0,1.0,5916000.0,14142000.0,1570000.0,2907000.0
1391933,,,Depository Credit Intermediation,,0.0,,,,,Quaint Oak Bancorp Inc,1391933.0,,,,,,,,,,,1.0,,,,
1432402,,,Metal Ore Mining,,1.0,,,,,Suramina Resources Inc,1432402.0,,,,,,,,,,,0.0,,,,
1611277,,,Investigation and Security Services,,0.0,,,,,Helix TCS Inc,1611277.0,,,,,,,,,,,1.0,,,,
1175685,,,Software Publishers,,1.0,,,,,Bladelogic Inc,1175685.0,,,,,,,,,,,0.0,,,,
1207074,,,Computer Systems Design and Related Services,,0.0,,,,,Virtusa Corp,1207074.0,,,,,,,,,,,1.0,,,,
1163698,,,Business Support Services,,1.0,,,,,SoundBite Communications Inc,1163698.0,,,,,,,,,,,0.0,,,,
1680711,,,,,,,,,,,,,,,,,,,,,,,,,,
1395943,,,Support Activities for Air Transportation,,1.0,,,,,Limco Piedmont Inc,1395943.0,,,,,,,,,,,0.0,,,,
937556,,,"Navigational, Measuring, Electromedical, and Control Instruments Manufacturing",,0.0,,,,,Masimo Corp,937556.0,,,,,,,,,,,1.0,,,,
1396279,,,Electronics and Appliance Stores,,0.0,,,,,hhgregg Inc,1396279.0,,,,,,,,,,,1.0,,,,
1116435,,,"Navigational, Measuring, Electromedical, and Control Instruments Manufacturing",,1.0,,,,,AirvaNA Inc,1116435.0,,,,,,,,,,,0.0,,,,
1358071,,,Oil and Gas Extraction,,0.0,,,,,Concho Resources Inc,1358071.0,,,,,,,,,,,1.0,,,,
1329800,,,Metal Ore Mining,,0.0,,,,,Coro Mining Corp,1329800.0,,,,,,,,,,,1.0,,,,
1394954,,,Semiconductor and Other Electronic Component Manufacturing,,0.0,,,,,GT Advanced Technologies Inc,1394954.0,,,,,,,,,,,1.0,,,,
1397516,,,Oil and Gas Extraction,,1.0,,,,,Rex Energy Corp,1397516.0,,,,,,,,,,,0.0,,,,
1388748,,,Other Investment Pools and Funds,,1.0,,,,,Crown Oil And Gas Inc,1388748.0,,,,,,,,,,,0.0,,,,
1383145,,,Other Investment Pools and Funds,,1.0,,,,,Royale Globe Holding Inc,1383145.0,,,,,,,,,,,0.0,,,,
1362718,,,Pharmaceutical and Medicine Manufacturing,,1.0,,,,,Tianyin Pharmaceutical Co Inc,1362718.0,,,,,,,,,,,0.0,,,,
1388195,,,Health and Personal Care Stores,,1.0,,,,,PharMerica Corp,1388195.0,,,,,,,,,,,0.0,,,,
1390844,,,Motor Vehicle Parts Manufacturing,,0.0,,,,,WABCO Holdings Inc,1390844.0,,,,,,,,,,,1.0,,,,
1525047,,,Oil and Gas Extraction,,0.0,,,,,Terrace Energy Corp,1525047.0,,,,,,,,,,,1.0,,,,
1131096,,,Software Publishers,,0.0,,,,,athenahealth Inc,1131096.0,,,,,,,,,,,0.0,,,,
1393883,,,Employment Services,,0.0,,,,,DHI Group Inc,1393883.0,,,,,,,,,,,1.0,,,,
1319327,,,Depository Credit Intermediation,,1.0,,,,,Encore Bancshares Inc,1319327.0,,,,,,,,,,,0.0,,,,
1392091,,,Pipeline Transportation of Crude Oil,,0.0,,,,,Blueknight Energy Partners LP,1392091.0,,,,,,,,,,,1.0,,,,
1383154,,,Software Publishers,,1.0,,,,,COPsync Inc,1383154.0,,,,,,,,,,,0.0,,,,
1394159,,,Travel Arrangement and Reservation Services,,1.0,,,,,Orbitz Worldwide Inc,1394159.0,,,,,,,,,,,0.0,,,,
1411207,,,Motor Vehicle Parts Manufacturing,,0.0,,,,,Allison Transmission Holdings Inc,1585809.0,,,,,,,,,,,1.0,,,,
1411207,,,,,,,,,,,1411207.0,,,,,,,,,,,,,,,
1355677,,,Metal Ore Mining,,0.0,,,,,Mexus Gold US,1355677.0,,,,,,,,,,,1.0,,,,
1296205,,,Plastics Product Manufacturing,,0.0,,,,,Zagg Inc,1296205.0,,,,,,,,,,,1.0,,,,
1401083,,,Metal Ore Mining,,1.0,,,,,Rye Patch Gold Corp,1401083.0,,,,,,,,,,,0.0,,,,
1269026,,,Medical Equipment and Supplies Manufacturing,,0.0,,,,,SINTX Technologies Inc,1269026.0,,,,,,,,,,,1.0,,,,
1269026,,,,,,,,,,,1424686.0,,,,,,,,,,,,,,,
1396838,,,"Newspaper, Periodical, Book, and Directory Publishers",,1.0,,,,,Dolan LLC,1396838.0,,,,,,,,,,,0.0,,,,
1398659,,,"Management, Scientific, and Technical Consulting Services",,0.0,,,,,Genpact Ltd,1398659.0,,,,,,,,,,,1.0,,,,
1395000,,,,,,,,,,,,,,,,,,,,,,,,,,
1703978,,,Scientific Research and Development Services,,0.0,,,,,biOasis Technologies Inc,1703978.0,,,,,,,,,,,1.0,,,,
1348259,,,Insurance Carriers,,0.0,,,,,Validus Holdings Ltd,1348259.0,,,,,,,,,,,0.0,,,,
1398551,,,"Pesticide, Fertilizer, and Other Agricultural Chemical Manufacturing",,1.0,,,,,Yongye International Inc,1398551.0,,,,,,,,,,,0.0,,,,
1401678,,,Computer and Peripheral Equipment Manufacturing,,1.0,,,,,Mellanox Technologies TLV Ltd,1401678.0,,,,,,,,,,,0.0,,,,
1403849,,,Other Information Services,,1.0,,,,,Perfect World Co Ltd,1403849.0,,,,,,,,,,,0.0,,,,
1397187,,,Clothing Stores,,0.0,,,,,Lululemon Athletica Inc,1397187.0,,,,,,,,,,,1.0,,,,
1397187,,,,,,,,,,,1348051.0,,,,,,,,,,,,,,,
1380936,,,Other Investment Pools and Funds,,0.0,,,,,Guggenheim Strategic Opportunities Fund,1449699.0,,,,,,,,,,,1.0,,,,
1380936,,,,,,,,,,,1380936.0,,,,,,,,,,,,,,,
1395057,,,Other Investment Pools and Funds,,0.0,,,,,Cohen & Steers Global Income Builder Inc,1395057.0,,,,,,,,,,,1.0,,,,
1395325,,,Other Investment Pools and Funds,,0.0,,,,,Eaton Vance Risk-Managed Diversified Equity Income Fund,1395325.0,,,,,,,,,,,1.0,,,,
1082084,,,Insurance Carriers,,1.0,,,,,Brooke Capital Corp,1082084.0,,,,,,,,,,,0.0,,,,
1375494,,,Cement and Concrete Product Manufacturing,,1.0,,,,,China Shuangji Cement Ltd,1375494.0,,,,,,,,,,,0.0,,,,
1683274,,,Metal Ore Mining,,0.0,,,,,Rio Silver Inc,1683274.0,,,,,,,,,,,1.0,,,,
1388982,,,"Management, Scientific, and Technical Consulting Services",,0.0,,,,,Chuma Holdings Inc,1388982.0,,,,,,,,,,,0.0,,,,
1377720,,,Software Publishers,,1.0,,,,,Cyberdefender Corp,1377720.0,,,,,,,,,,,0.0,,,,
1393109,,,"Engine, Turbine, and Power Transmission Equipment Manufacturing",,1.0,,,,,China Wind Energy Inc,1393109.0,,,,,,,,,,,0.0,,,,
1464790,,,Securities and Commodity Contracts Intermediation and Brokerage,,0.0,,,,,B. Riley Financial Inc,1464790.0,,,,,,,,,,,1.0,,,,
1346655,,,Residential Building Construction,,0.0,,,,,CMG Holdings Group Inc,1346655.0,,,,,,,,,,,1.0,,,,
1367408,,,Oil and Gas Extraction,,0.0,,,,,Sino American Oil Co,1367408.0,,,,,,,,,,,1.0,,,,
1099590,,,Other Information Services,,0.0,,,,,Mercadolibre Inc,1099590.0,,,,,,,,,,,1.0,,,,
1401112,,,"Deep Sea, Coastal, and Great Lakes Water Transportation",,0.0,,,,,Paragon Shipping Inc,1401112.0,,,,,,,,,,,1.0,,,,
1124610,,,Computer Systems Design and Related Services,,0.0,,,,,VMware Inc,1124610.0,,,,,,,,,,,1.0,,,,
1402902,,,Gasoline Stations,,0.0,,,,,Cosan Ltd,1402902.0,,,,,,,,,,,1.0,,,,
1398797,,,Motion Picture and Video Industries,,1.0,,,,,Point.360,1398797.0,,,,,,,,,,,0.0,,,,
1405658,,,Offices of Real Estate Agents and Brokers,,,,,,,E-House (China) Holdings Ltd,1405658.0,,,,,,,,,,,,,,,
1439682,,,Oil and Gas Extraction,,0.0,,,,,Azabache Energy Inc,1439682.0,,,,,,,,,,,0.0,,,,
1397197,,,Professional and Commercial Equipment and Supplies Merchant Wholesalers,,1.0,,,,,Cross Match Technologies Inc,1397197.0,,,,,,,,,,,0.0,,,,
1397197,,,,,,,,,,,1125698.0,,,,,,,,,,,,,,,
1087294,,,Pharmaceutical and Medicine Manufacturing,,0.0,,,,,Cumberland Pharmaceuticals Inc,1087294.0,,,,,,,,,,,1.0,,,,
1403132,,,Scientific Research and Development Services,,1.0,,,,,WuXi PharmaTech (Cayman) Inc,1403132.0,,,,,,,,,,,0.0,,,,
1400400,,,Computer Systems Design and Related Services,,1.0,,,,,DemandTec Inc,1400400.0,,,,,,,,,,,0.0,,,,
1402328,,,Pharmaceutical and Medicine Manufacturing,,0.0,,,,,Sunshine Biopharma Inc,1402328.0,,,,,,,,,,,1.0,,,,
1399186,,,Other Investment Pools and Funds,,1.0,,,,,Cornerstone Progressive Return Fund,1399186.0,,,,,,,,,,,0.0,,,,
1432768,,,Metal Ore Mining,,1.0,,,,,Nevoro Inc,1432768.0,,,,,,,,,,,0.0,,,,
1382231,,,Oil and Gas Extraction,,0.0,,,,,Fortem Resources Inc,1382231.0,,,,,,,,,,,1.0,,,,
1434614,,,Metal Ore Mining,,0.0,,,,,Sandstorm Gold Ltd,1434614.0,,,,,,,,,,,1.0,,,,
1400000,,,"Management, Scientific, and Technical Consulting Services",,1.0,,,,,Abakan Inc,1400000.0,,,,,,,,,,,0.0,,,,
87050,0.0,,Semiconductor and Other Electronic Component Manufacturing,-2951000.0,0.0,1291000.0,-5311000.0,14952000.0,3598000.0,Neonode Inc,87050.0,13829000.0,13536000.0,13536000.0,3970000.0,13536000.0,5311000.0,10620000.0,5107.92453,29178000.0,3911000.0,1.0,13536000.0,17427000.0,,3310000.0
87050,,,,,,,,,,,1385777.0,,,,,,,,,,,,,,,
1376339,,,Medical Equipment and Supplies Manufacturing,,0.0,,,,,MiMedx Group Inc,1376339.0,,,,,,,,,,,1.0,,,,
1375686,,,"Boiler, Tank, and Shipping Container Manufacturing",,0.0,,,,,THT Heat Transfer Technology Inc,1375686.0,,,,,,,,,,,1.0,,,,
1667939,,,Depository Credit Intermediation,,,,,,,FSB Bancorp Inc,1667939.0,,,,,,,,,,,,,,,
1489353,,,Metal Ore Mining,,0.0,,,,,Zinc One Resources Inc,1489353.0,,,,,,,,,,,1.0,,,,
1393044,,,Nondepository Credit Intermediation,,0.0,,,,,Petrocorp Inc,1393044.0,,,,,,,,,,,1.0,,,,
1360530,,,Health and Personal Care Stores,,0.0,,,,,Vitamin Shoppe Inc,1360530.0,,,,,,,,,,,1.0,,,,
1402857,,,"Ventilation, Heating, Air-Conditioning, and Commercial Refrigeration Equipment Manufacturing",,1.0,,,,,Clear Skies Solar Inc,1402857.0,,,,,,,,,,,0.0,,,,
1473505,,,Oil and Gas Extraction,,0.0,,,,,Cequence Energy Ltd,1473505.0,,,,,,,,,,,1.0,,,,
1400897,,,Other Investment Pools and Funds,,0.0,,,,,Cushing MLP & Infrastructure Total Return Fund,1400897.0,,,,,,,,,,,1.0,,,,
1395864,,,"Pulp, Paper, and Paperboard Mills",,,,,,,Verso Paper Holdings LLC,1395864.0,,,,,,,,,,,,,,,
1384139,,,"Data Processing, Hosting, and Related Services",,0.0,,,,,Cheyenne Resources Corp,1384139.0,,,,,,,,,,,1.0,,,,
1335105,,,Scientific Research and Development Services,,0.0,,,,,Lixte Biotechnology Holdings Inc,1335105.0,,,,,,,,,,,1.0,,,,
1346917,,,Metal Ore Mining,,0.0,,,,,Gentor Resources Inc,1346917.0,,,,,,,,,,,1.0,,,,
1383088,,,Communications Equipment Manufacturing,,0.0,,,,,Cytta Corp,1383088.0,,,,,,,,,,,1.0,,,,
1355042,,,Motor Vehicle and Motor Vehicle Parts and Supplies Merchant Wholesalers,,0.0,,,,,China Auto Logistics Inc,1355042.0,,,,,,,,,,,1.0,,,,
1384365,,,Computer Systems Design and Related Services,,0.0,,,,,RAADR Inc,1384365.0,,,,,,,,,,,1.0,,,,
816761,,,Computer Systems Design and Related Services,,0.0,,,,,Teradata Corp,816761.0,,,,,,,,,,,1.0,,,,
1370544,,,Animal Slaughtering and Processing,,1.0,,,,,Smoky Market Foods Inc,1370544.0,,,,,,,,,,,0.0,,,,
1398664,,,Oil and Gas Extraction,,1.0,,,,,Encore Energy Partners LP,1398664.0,,,,,,,,,,,0.0,,,,
1353970,,,Plastics Product Manufacturing,,0.0,,,,,China XD Plastics Company Ltd,1353970.0,,,,,,,,,,,1.0,,,,
1393283,,,Metal Ore Mining,,0.0,,,,,Nationsmark Nexgen,1393283.0,,,,,,,,,,,1.0,,,,
1062536,,,Pharmaceutical and Medicine Manufacturing,,1.0,,,,,Zars Pharma Inc,1062536.0,,,,,,,,,,,0.0,,,,
1062536,,,,,,,,,,,1083366.0,,,,,,,,,,,,,,,
1412100,,,Insurance Carriers,,0.0,,,,,Maiden Holdings Ltd,1407764.0,,,,,,,,,,,1.0,,,,
1412100,,,,,,,,,,,1412100.0,,,,,,,,,,,,,,,
1403275,,,Other Investment Pools and Funds,,1.0,,,,,First Trust Dividend and Income Fund,1403275.0,,,,,,,,,,,0.0,,,,
1210618,,,Other Investment Pools and Funds,,0.0,,,,,SPI Energy Co Ltd,1210618.0,,,,,,,,,,,1.0,,,,
1210618,,,,,,,,,,,1641771.0,,,,,,,,,,,,,,,
1348909,13000.0,,Support Activities for Mining,,,-17509000.0,11000.0,121000.0,668000.0,Argonaut Gold Inc,1348909.0,1245000.0,1245000.0,1245000.0,-1895000.0,1245000.0,2000.0,,0.68345,,-1895000.0,,1245000.0,1914000.0,4000.0,668000.0
1404804,,,Motor Vehicle Parts Manufacturing,,0.0,,,,,Omnitek Engineering Corp,1404804.0,,,,,,,,,,,1.0,,,,
1395627,,,Other Investment Pools and Funds,,0.0,,,,,Voya International High Dividend Equity Income Fund,1395627.0,,,,,,,,,,,1.0,,,,
1517179,,,Other Financial Investment Activities,,0.0,,,,,Monitor Ventures Inc,1517179.0,,,,,,,,,,,1.0,,,,
1448397,,,"Deep Sea, Coastal, and Great Lakes Water Transportation",,0.0,,,,,Seanergy Maritime Holdings Corp,1448397.0,,,,,,,,,,,1.0,,,,
892449,,,Depository Credit Intermediation,,1.0,,,,,Venture Financial Group Inc,892449.0,,,,,,,,,,,0.0,,,,
1407298,,,Commercial and Industrial Machinery and Equipment Rental and Leasing,,0.0,,,,,FLY Leasing Ltd,1407298.0,,,,,,,,,,,1.0,,,,
1396502,,,Other Investment Pools and Funds,,0.0,,,,,John Hancock Tax-Advantaged Global Shareholder Yield Fund,1396502.0,,,,,,,,,,,1.0,,,,
1374328,,,Health and Personal Care Stores,,0.0,,,,,FitLife Brands Inc,1374328.0,,,,,,,,,,,1.0,,,,
1461640,,,Depository Credit Intermediation,,1.0,,,,,HomeTown Bankshares Corp,1461640.0,,,,,,,,,,,0.0,,,,
1403238,,,Other Investment Pools and Funds,,1.0,,,,,BlackRock EcoSolutions Investment Trust,1403238.0,,,,,,,,,,,0.0,,,,
1398481,,,Other Investment Pools and Funds,,1.0,,,,,Allianzgi Global Equity & Convertible Income Fund,1398481.0,,,,,,,,,,,0.0,,,,
1287668,,,"Foundation, Structure, and Building Exterior Contractors",,0.0,,,,,China Cgame Inc,1287668.0,,,,,,,,,,,1.0,,,,
1402175,,,Other Financial Investment Activities,,,,,,,Hicks Acquisition Company I Inc,1402175.0,,,,,,,,,,,,,,,
1397821,,,Other Financial Investment Activities,,1.0,,,,,Deerfield Duff & Phelps LLC,1397821.0,,,,,,,,,,,0.0,,,,
1398931,730000.0,-404000.0,"Electric Power Generation, Transmission and Distribution",-31000.0,1.0,-43975000.0,-15291000.0,17211000.0,7288000.0,Renegy Holdings Inc,1398931.0,12552000.0,12541000.0,12541000.0,-11730000.0,12541000.0,16032000.0,,1.19183,3053000.0,-11360000.0,0.0,12541000.0,19840000.0,,6558000.0
1522584,,,Metal Ore Mining,,0.0,,,,,Golden Sun Mining Corp,1522584.0,,,,,,,,,,,0.0,,,,
1401573,,,Depository Credit Intermediation,,1.0,,,,,Beacon Federal Bancorp Inc,1401573.0,,,,,,,,,,,0.0,,,,
1405277,,,Computer Systems Design and Related Services,,1.0,,,,,Constant Contact Inc,1405277.0,,,,,,,,,,,0.0,,,,
1405277,,,,,,,,,,,1090909.0,,,,,,,,,,,,,,,
1368365,,,Software Publishers,,0.0,,,,,Remark Holdings Inc,1368365.0,,,,,,,,,,,1.0,,,,
1398632,,,Other Investment Pools and Funds,,1.0,,,,,Highlands Acquisition Corp,1398632.0,,,,,,,,,,,0.0,,,,
1389771,,,Other Investment Pools and Funds,,1.0,,,,,Inter Atlantic Financial Inc,1389771.0,,,,,,,,,,,0.0,,,,
1408198,,,Software Publishers,,0.0,,,,,MSCI Inc,1408198.0,,,,,,,,,,,1.0,,,,
1404935,,,Pharmaceutical and Medicine Manufacturing,,0.0,,,,,Thc Therapeutics Inc,1404935.0,,,,,,,,,,,1.0,,,,
1404935,,,,,,,,,,,1737463.0,,,,,,,,,,,,,,,
1397911,,,Securities and Commodity Contracts Intermediation and Brokerage,,0.0,,,,,LPL Financial Holdings Inc,1397911.0,,,,,,,,,,,1.0,,,,
1397911,,,,,,,,,,,1356456.0,,,,,,,,,,,,,,,
1405503,,,Cable and Other Subscription Programming,,0.0,,,,,China Digital TV Holding Co Ltd,1405503.0,,,,,,,,,,,0.0,,,,
1396440,,,Other Investment Pools and Funds,,0.0,,,,,Main Street Capital Corp,1396440.0,,,,,,,,,,,1.0,,,,
1401923,,,Scientific Research and Development Services,,1.0,,,,,MAP Pharmaceuticals Inc,1302256.0,,,,,,,,,,,0.0,,,,
1401923,,,,,,,,,,,1401923.0,,,,,,,,,,,,,,,
1383116,,,Metal Ore Mining,,0.0,,,,,Volcan Holdings Inc,1383116.0,,,,,,,,,,,1.0,,,,
1408287,,,"Soap, Cleaning Compound, and Toilet Preparation Manufacturing",,1.0,,,,,Zep Inc,1408287.0,,,,,,,,,,,0.0,,,,
1407623,,,Lessors of Real Estate,,0.0,,,,,Retail Opportunity Investments Corp,1407623.0,,,,,,,,,,,1.0,,,,
1404624,,,"Management, Scientific, and Technical Consulting Services",,1.0,,,,,Affinion Group Holdings Inc,1404624.0,,,,,,,,,,,0.0,,,,
855667,,,Foundries,,0.0,,,,,Neenah Enterprises Inc,855667.0,,,,,,,,,,,1.0,,,,
1401564,,,Depository Credit Intermediation,,0.0,,,,,First Financial Northwest Inc,1401564.0,,,,,,,,,,,1.0,,,,
1398161,,,Scientific Research and Development Services,,1.0,,,,,Targanta Therapeutics Corp,1398161.0,,,,,,,,,,,0.0,,,,
1253955,,,Computer Systems Design and Related Services,,1.0,,,,,Compellent Technologies Inc,1253955.0,,,,,,,,,,,0.0,,,,
1413159,,,Commercial and Industrial Machinery and Equipment Rental and Leasing,,0.0,,,,,Textainer Group Holdings Ltd,1413159.0,,,,,,,,,,,1.0,,,,
1396546,,,Wireless Telecommunications Carriers (except Satellite),,1.0,,,,,Virgin Mobile USA Inc,1396546.0,,,,,,,,,,,0.0,,,,
1393718,,,Other Investment Pools and Funds,,1.0,,,,,SP Acquisition Holdings Inc,1393718.0,,,,,,,,,,,0.0,,,,
1549276,,,Depository Credit Intermediation,,1.0,,,,,Laporte Bancorp Inc,1549276.0,,,,,,,,,,,0.0,,,,
1376812,,,Coal Mining,,1.0,,,,,Patriot Coal Corp,1376812.0,,,,,,,,,,,0.0,,,,
1411825,,,Commercial and Service Industry Machinery Manufacturing,,1.0,,,,,Noah Education Holdings Ltd,1411825.0,,,,,,,,,,,0.0,,,,
1407739,,,Lessors of Real Estate,,1.0,,,,,DuPont Fabros Technology Inc,1407739.0,,,,,,,,,,,0.0,,,,
1403548,,,Basic Chemical Manufacturing,,0.0,,,,,Blue Sugars Corp,1403548.0,,,,,,,,,,,1.0,,,,
1469160,,,Oil and Gas Extraction,,1.0,,,,,Crocotta Energy Inc,1469160.0,,,,,,,,,,,0.0,,,,
1417447,,,Metal Ore Mining,,1.0,,,,,High Desert Gold Corp,1417447.0,,,,,,,,,,,0.0,,,,
1405287,,,Other Information Services,,1.0,,,,,Stream Global Services Inc,1405287.0,,,,,,,,,,,0.0,,,,
1328792,,,"Machine Shops; Turned Product; and Screw, Nut, and Bolt Manufacturing",,0.0,,,,,TechPrecision Corp,1328792.0,,,,,,,,,,,1.0,,,,
1399768,,,Activities Related to Credit Intermediation,,1.0,,,,,Metavante Technologies Inc,1399768.0,,,,,,,,,,,0.0,,,,
1389034,,,Computer Systems Design and Related Services,,0.0,,,,,Kallo Inc,1389034.0,,,,,,,,,,,1.0,,,,
1028637,39538000.0,5334000.0,Other Miscellaneous Manufacturing,510000.0,1.0,37882000.0,28155000.0,59310000.0,69793000.0,Corgi International Ltd,1028637.0,76805000.0,27621000.0,27621000.0,9038000.0,27621000.0,12488000.0,,20.2918,137120000.0,13160000.0,0.0,27621000.0,146598000.0,1542000.0,49229000.0
1405082,,,Other Investment Pools and Funds,,1.0,,,,,Triplecrown Acquisition Corp,1405082.0,,,,,,,,,,,0.0,,,,
1514998,,,Oil and Gas Extraction,,1.0,,,,,WesternZagros Resources ULC,1514998.0,,,,,,,,,,,0.0,,,,
1376139,,,Petroleum and Coal Products Manufacturing,,0.0,,,,,CVR Energy Inc,1376139.0,,,,,,,,,,,1.0,,,,
1382696,,,Other Miscellaneous Manufacturing,,1.0,,,,,Fuqi International Inc,1382696.0,,,,,,,,,,,0.0,,,,
1726126,,,Oil and Gas Extraction,,0.0,,,,,Epsilon Energy Ltd,1726126.0,,,,,,,,,,,1.0,,,,
1378706,,,"Ventilation, Heating, Air-Conditioning, and Commercial Refrigeration Equipment Manufacturing",,1.0,,,,,American DG Energy Inc,1378706.0,,,,,,,,,,,0.0,,,,
1412494,,,Software Publishers,,1.0,,,,,Longtop Financial Technologies Ltd,1412494.0,,,,,,,,,,,0.0,,,,
1412494,,,,,,,,,,,1369874.0,,,,,,,,,,,,,,,
1464666,,,Oil and Gas Extraction,,0.0,,,,,Grizzly Energy LLC,1464666.0,,,,,,,,,,,1.0,,,,
1464666,,,,,,,,,,,1384072.0,,,,,,,,,,,,,,,
1394409,,,,,,,,,,,,,,,,,,,,,,,,,,
1606180,,,Outpatient Care Centers,,0.0,,,,,AAC Holdings Inc,1606180.0,,,,,,,,,,,1.0,,,,
1399249,,,Other Financial Investment Activities,,0.0,,,,,Pzena Investment Management Inc,1399249.0,,,,,,,,,,,1.0,,,,
1403568,,,Health and Personal Care Stores,,0.0,,,,,Ulta Beauty Inc,1403568.0,,,,,,,,,,,1.0,,,,
1357227,,,Medical Equipment and Supplies Manufacturing,,1.0,,,,,FGX International Holdings Ltd,1357227.0,,,,,,,,,,,0.0,,,,
1398090,,,Medical Equipment and Supplies Manufacturing,,1.0,,,,,Power Medical Interventions Inc,1098274.0,,,,,,,,,,,0.0,,,,
1398090,,,,,,,,,,,1398090.0,,,,,,,,,,,,,,,
1620742,,,Metal Ore Mining,,0.0,,,,,Graphite One Inc,1620742.0,,,,,,,,,,,1.0,,,,
1620742,,,,,,,,,,,1545045.0,,,,,,,,,,,,,,,
1138412,,,Medical and Diagnostic Laboratories,,1.0,,,,,Genoptix Inc,1138412.0,,,,,,,,,,,0.0,,,,
1402606,,,Wired Telecommunications Carriers,,0.0,,,,,B Communications Ltd,1402606.0,,,,,,,,,,,1.0,,,,
1413855,,,"Agencies, Brokerages, and Other Insurance Related Activities",,0.0,,,,,Fanhua Inc,1413855.0,,,,,,,,,,,1.0,,,,
1105184,,,Medical Equipment and Supplies Manufacturing,,1.0,,,,,Nanosphere LLC,1362840.0,,,,,,,,,,,0.0,,,,
1105184,,,,,,,,,,,1105184.0,,,,,,,,,,,,,,,
859313,,,Other Investment Pools and Funds,,1.0,,,,,Energiz Renewable Inc,859313.0,,,,,,,,,,,0.0,,,,
1415016,,,Software Publishers,,1.0,,,,,Giant Interactive Group Inc,1415016.0,,,,,,,,,,,0.0,,,,
1292653,,,Computer Systems Design and Related Services,,1.0,,,,,Inteliquent Inc,1292653.0,,,,,,,,,,,0.0,,,,
1292653,,,,,,,,,,,1309600.0,,,,,,,,,,,,,,,
1489161,,,"Navigational, Measuring, Electromedical, and Control Instruments Manufacturing",,0.0,,,,,Imaging Canada Liquidating Corp,1489161.0,,,,,,,,,,,1.0,,,,
1365790,,,Other Financial Investment Activities,,1.0,,,,,GLG Partners Inc,1365790.0,,,,,,,,,,,0.0,,,,
1413257,,,Oilseed and Grain Farming,,1.0,,,,,Agria Corp,1413257.0,,,,,,,,,,,0.0,,,,
1413745,,,"Advertising, Public Relations, and Related Services",,0.0,,,,,Airnet Technology Inc,1413745.0,,,,,,,,,,,1.0,,,,
1201792,,,"Colleges, Universities, and Professional Schools",,0.0,,,,,American Public Education Inc,1201792.0,,,,,,,,,,,1.0,,,,
1405073,,,Oil and Gas Extraction,,0.0,,,,,Approach Resources Inc,1405073.0,,,,,,,,,,,1.0,,,,
1410064,,,Pharmaceutical and Medicine Manufacturing,,0.0,,,,,ARYx Therapeutics Inc,1410064.0,,,,,,,,,,,1.0,,,,
1282393,,,Medical Equipment and Supplies Manufacturing,,1.0,,,,,Merz Aesthetics Inc,1282393.0,,,,,,,,,,,0.0,,,,
1406982,,,Other Financial Investment Activities,,,,,,,Capitol Acquisition Corp,1406982.0,,,,,,,,,,,,,,,
1125376,,,Nursing Care Facilities (Skilled Nursing Facilities),,0.0,,,,,Ensign Group Inc,1125376.0,,,,,,,,,,,1.0,,,,
1407031,,,Other Investment Pools and Funds,,1.0,,,,,Golden Pond Healthcare Inc,1407031.0,,,,,,,,,,,0.0,,,,
1334303,,,"Navigational, Measuring, Electromedical, and Control Instruments Manufacturing",,1.0,,,,,ICx Technologies Inc,1334303.0,,,,,,,,,,,0.0,,,,
1396033,,,Lumber and Other Construction Materials Merchant Wholesalers,,0.0,,,,,Lumber Liquidators Holdings Inc,1396033.0,,,,,,,,,,,1.0,,,,
1317838,,,Lessors of Nonfinancial Intangible Assets (except Copyrighted Works),,1.0,,,,,Aspire Japan Inc,1317838.0,,,,,,,,,,,0.0,,,,
1419521,,,Other Financial Investment Activities,,,,,,,Hatteras Financial Corp,1419521.0,,,,,,,,,,,,,,,
1403256,,,Other Financial Investment Activities,,0.0,,,,,Sculptor Capital Management Inc,1403256.0,,,,,,,,,,,1.0,,,,
1401521,,,Insurance Carriers,,0.0,,,,,United Insurance Holdings Corp,1401521.0,,,,,,,,,,,1.0,,,,
1406391,,,,,,,,,,Enterprise Acquisition Corp,1406391.0,,,,,,,,,,,,,,,
1205653,,,,,,,,,,,,,,,,,,,,,,,,,,
1493225,,,Depository Credit Intermediation,,0.0,,,,,Northfield Bancorp Inc,1493225.0,,,,,,,,,,,1.0,,,,
1407185,,,Oil and Gas Extraction,,,,,,,Postrock Midcontinent Production LLC,1407185.0,,,,,,,,,,,,,,,
1414850,,,Health and Personal Care Stores,,1.0,,,,,China Nepstar Chain Drugstore Ltd,1414850.0,,,,,,,,,,,0.0,,,,
1409134,,,Support Activities for Water Transportation,,1.0,,,,,Osg America LP,1409134.0,,,,,,,,,,,0.0,,,,
1393744,,,Waste Treatment and Disposal,,1.0,,,,,EnergySolutions Inc,1393744.0,,,,,,,,,,,0.0,,,,
1371217,,,"Navigational, Measuring, Electromedical, and Control Instruments Manufacturing",,0.0,,,,,ReShape Lifesciences Inc,1371217.0,,,,,,,,,,,1.0,,,,
1054303,594000.0,151000.0,Securities and Commodity Contracts Intermediation and Brokerage,,1.0,-1340000.0,381000.0,13217000.0,12817000.0,Direct Markets Holdings Corp,1054303.0,2629000.0,837000.0,837000.0,-1269000.0,837000.0,213000.0,12910000.0,17.15515,3399000.0,-1270000.0,0.0,837000.0,15447000.0,,12817000.0
1232468,,,"Navigational, Measuring, Electromedical, and Control Instruments Manufacturing",,1.0,,,,,Reliant Technologies Inc,1232468.0,,,,,,,,,,,0.0,,,,
1080131,,,Computer Systems Design and Related Services,,1.0,,,,,Internet Brands Inc,1080131.0,,,,,,,,,,,0.0,,,,
1403853,,,Support Activities for Mining,,0.0,,,,,Nuverra Environmental Solutions Inc,1403853.0,,,,,,,,,,,1.0,,,,
1409012,,,,,,,,,,,,,,,,,,,,,,,,,,
1406243,,,Other Investment Pools and Funds,,0.0,,,,,ReliaBrand Inc,1406243.0,,,,,,,,,,,0.0,,,,
1409493,,,Nondepository Credit Intermediation,,0.0,,,,,Chimera Investment Corp,1409493.0,,,,,,,,,,,1.0,,,,
1410838,,,Pipeline Transportation of Natural Gas,,1.0,,,,,El Paso Pipeline Partners LP,1410838.0,,,,,,,,,,,0.0,,,,
1402225,,,Other Information Services,,1.0,,,,,Ideation Acquisition Corp,1402225.0,,,,,,,,,,,0.0,,,,
1410172,,,Semiconductor and Other Electronic Component Manufacturing,,0.0,,,,,Rubicon Technology Inc,1410172.0,,,,,,,,,,,1.0,,,,
1408501,,,Computer and Peripheral Equipment Manufacturing,,1.0,,,,,3Par Inc,1408501.0,,,,,,,,,,,0.0,,,,
1408690,,,Activities Related to Credit Intermediation,,1.0,,,,,CreditcardsCom Inc,1408690.0,,,,,,,,,,,0.0,,,,
1402305,,,Software Publishers,,1.0,,,,,SuccessFactors Inc,1157979.0,,,,,,,,,,,0.0,,,,
1402305,,,,,,,,,,,1402305.0,,,,,,,,,,,,,,,
1413507,,,Oil and Gas Extraction,,0.0,,,,,SRC Energy Inc,1413507.0,,,,,,,,,,,1.0,,,,
1413507,,,,,,,,,,,1445648.0,,,,,,,,,,,,,,,
1381105,,,Waste Treatment and Disposal,,0.0,,,,,Plastic2Oil Inc,1381105.0,,,,,,,,,,,1.0,,,,
1415921,,,"Deep Sea, Coastal, and Great Lakes Water Transportation",,0.0,,,,,Navios Maritime Partners LP,1415921.0,,,,,,,,,,,1.0,,,,
1397183,,,Investigation and Security Services,,0.0,,,,,Iveda Solutions Inc,1397183.0,,,,,,,,,,,1.0,,,,
1386936,,,Metal Ore Mining,,0.0,,,,,Gold Lakes Corp,1386936.0,,,,,,,,,,,1.0,,,,
1339729,,,Motion Picture and Video Industries,,1.0,,,,,Orchard Enterprises Inc,1339729.0,,,,,,,,,,,0.0,,,,
1415948,,,,,,,,,,,,,,,,,,,,,,,,,,
1406574,,,Household Appliances and Electrical and Electronic Goods Merchant Wholesalers,,1.0,,,,,Sinohub Inc,1406574.0,,,,,,,,,,,0.0,,,,
1470683,,,Clay Product and Refractory Manufacturing,,0.0,,,,,China Ceramics Co Ltd,1470683.0,,,,,,,,,,,1.0,,,,
1397047,,,Commercial and Industrial Machinery and Equipment Rental and Leasing,,0.0,,,,,FlexShopper Inc,1397047.0,,,,,,,,,,,1.0,,,,
1397047,,,,,,,,,,,1385621.0,,,,,,,,,,,,,,,
1412495,,,Other Investment Pools and Funds,,0.0,,,,,Nuveen Municipal High Income Opportunity Fund 2,1412495.0,,,,,,,,,,,0.0,,,,
1431372,,,Oil and Gas Extraction,,0.0,,,,,Gastar Exploration LLC,1431372.0,,,,,,,410610000.0,,,,0.0,,,,
1088787,18000.0,,Nonferrous Metal (except Aluminum) Production and Processing,-84000.0,0.0,606000.0,-3556000.0,4184000.0,1067000.0,CD International Enterprises Inc,1088787.0,3273000.0,3226000.0,3226000.0,1580000.0,3226000.0,3574000.0,110000.0,322600.0,1001000.0,-2121000.0,1.0,3226000.0,4340000.0,,1060000.0
1408010,,,Offices of Real Estate Agents and Brokers,,,,,,,Iggys House Inc,1408010.0,,,,,,,,,,,,,,,
1227930,,,Semiconductor and Other Electronic Component Manufacturing,,1.0,,,,,Entropic Communications Inc,1227930.0,,,,,,,,,,,0.0,,,,
1400728,,,Support Activities for Mining,,1.0,,,,,Well Power Inc,1400728.0,,,,,,,,,,,0.0,,,,
1488158,,,Metal Ore Mining,,0.0,,,,,Labrador Iron Mines Holdings Ltd,1488158.0,,,,,,,,,,,0.0,,,,
1361009,,,"Management, Scientific, and Technical Consulting Services",,1.0,,,,,CampusU Inc,1361009.0,,,,,,,,,,,0.0,,,,
1392600,,,,,,,,,,Severstal US Holdings II LLC,1392600.0,,,,,,,,,,,,,,,
1407038,,,Pharmaceutical and Medicine Manufacturing,,0.0,,,,,BG Medicine Inc,1407038.0,,,,,,,,,,,1.0,,,,
1407038,,,,,,,,,,,1169026.0,,,,,,,,,,,,,,,
1407038,,,,,,,,,,,1308272.0,,,,,,,,,,,,,,,
1407038,,,,,,,,,,,1323067.0,,,,,,,,,,,,,,,
1409171,,,"Machinery, Equipment, and Supplies Merchant Wholesalers",,0.0,,,,,Titan Machinery Inc,1409171.0,,,,,,,,,,,1.0,,,,
1409171,,,,,,,,,,,1224389.0,,,,,,,,,,,,,,,
1418225,,,"Agriculture, Construction, and Mining Machinery Manufacturing",,1.0,,,,,WSP Holdings Ltd,1418225.0,,,,,,,,,,,0.0,,,,
1415911,,,"Advertising, Public Relations, and Related Services",,1.0,,,,,VisionChina Media Inc,1415911.0,,,,,,,,,,,0.0,,,,
1157408,,,Elementary and Secondary Schools,,0.0,,,,,K12 Inc,1157408.0,,,,,,,,,,,1.0,,,,
1546241,,,Nonmetallic Mineral Mining and Quarrying,,0.0,,,,,Select Sands Corp,1546241.0,,,,,,,,,,,1.0,,,,
1412350,,,Other Investment Pools and Funds,,0.0,,,,,PIMCO Income Opportunity Fund,1412350.0,,,,,,,,,,,1.0,,,,
1497246,,,Metal Ore Mining,,1.0,,,,,Bullion Monarch Mining Inc,1497246.0,,,,,,,,,,,0.0,,,,
1410711,,,Metal and Mineral (except Petroleum) Merchant Wholesalers,,0.0,,,,,Armco Metals Holdings Inc,1410711.0,,,,,,,,,,,1.0,,,,
1456346,,,Other Financial Investment Activities,,0.0,,,,,Franco-Nevada Corp,1456346.0,,,,,,,,,,,1.0,,,,
1469907,,,Metal Ore Mining,,0.0,,,,,Otis Gold Corp,1469907.0,,,,,,,,,,,1.0,,,,
1404306,,,Depository Credit Intermediation,,0.0,,,,,First Advantage Bancorp,1404306.0,,,,,,,,,,,1.0,,,,
1408095,,,Other Investment Pools and Funds,,0.0,,,,,Premier Energy Corp,1408095.0,,,,,,,,,,,1.0,,,,
1405037,,,Other Investment Pools and Funds,,1.0,,,,,United Refining Energy Corp,1405037.0,,,,,,,,,,,0.0,,,,
1414048,,,"Advertising, Public Relations, and Related Services",,,,,,,CGEN Digital Media Co Ltd,1414048.0,,,,,,,,,,,,,,,
1411419,,,Educational Support Services,,1.0,,,,,ChinaEdu Corp,1411419.0,,,,,,,,,,,0.0,,,,
1409112,,,Other Personal Services,,1.0,,,,,Classmates Media Corp,1409112.0,,,,,,,,,,,0.0,,,,
1120105,,,Semiconductor and Other Electronic Component Manufacturing,,1.0,,,,,Intellon Corp,1120105.0,,,,,,,,,,,0.0,,,,
1254419,,,Software Publishers,,1.0,,,,,Medassets Inc,1254419.0,,,,,,,,,,,0.0,,,,
1417961,,,Computer Systems Design and Related Services,,1.0,,,,,Vanceinfo Technologies Inc,1417961.0,,,,,,,,,,,0.0,,,,
1398453,,,Residential Building Construction,,0.0,,,,,Xinyuan Real Estate Co Ltd,1398453.0,,,,,,,,,,,1.0,,,,
1461755,,,Depository Credit Intermediation,,0.0,,,,,Atlantic Capital Bancshares Inc,1396596.0,,,,,,,,,,,1.0,,,,
1461755,,,,,,,,,,,1461755.0,,,,,,,,,,,,,,,
1403602,,,Scientific Research and Development Services,,0.0,,,,,Omnimmune Holdings Inc,1403602.0,,,,,,,,,,,1.0,,,,
1358099,,,"Engine, Turbine, and Power Transmission Equipment Manufacturing",,0.0,,,,,Umbra Companies Inc,1358099.0,,,,,,,,,,,1.0,,,,
1253172,,,Semiconductor and Other Electronic Component Manufacturing,,1.0,,,,,Day4 Energy Inc,1253172.0,,,,,,,,,,,0.0,,,,
1409375,,,Electric Lighting Equipment Manufacturing,,0.0,,,,,Orion Energy Systems Inc,1409375.0,,,,,,,,,,,1.0,,,,
1409375,,,,,,,,,,,1063328.0,,,,,,,,,,,,,,,
1429937,,,Metal Ore Mining,,0.0,,,,,B2Gold Corp,1429937.0,,,,,,,,,,,1.0,,,,
1407539,,,Other Investment Pools and Funds,,1.0,,,,,Liberty Acquisition Holdings Virginia Inc,1407539.0,,,,,,,,,,,0.0,,,,
1408193,,,Other Investment Pools and Funds,,1.0,,,,,Tremisis Energy Acquisition Corp II,1408193.0,,,,,,,,,,,0.0,,,,
1409383,,,Other Investment Pools and Funds,,1.0,,,,,Global Brands Acquisition Corp,1409383.0,,,,,,,,,,,0.0,,,,
1406587,,,Residential Building Construction,,0.0,,,,,Forestar Group Inc,1406587.0,,,,,,,,,,,1.0,,,,
1419828,,,Other Investment Pools and Funds,,0.0,,,,,Gs Finance Corp,1419828.0,,,,,,,,,,,1.0,,,,
1419723,,,Basic Chemical Manufacturing,,1.0,,,,,Gushan Environmental Energy Ltd,1419723.0,,,,,,,,,,,0.0,,,,
1386198,,,Semiconductor and Other Electronic Component Manufacturing,,1.0,,,,,MEMSIC Inc,1386198.0,,,,,,,,,,,0.0,,,,
1117106,,,Software Publishers,,1.0,,,,,NetSuite Inc,1117106.0,,,,,,,,,,,0.0,,,,
1412204,,,Audio and Video Equipment Manufacturing,,1.0,,,,,Milestone AV Technologies Inc,1412204.0,,,,,,,,,,,0.0,,,,
1419945,,,,,,,,,,Teekay Tankers Ltd,1419945.0,,,,,,,,,,,,,,,
1415301,,,Full-Service Restaurants,,0.0,,,,,Del Frisco's Restaurant Group Inc,1415301.0,,,,,,,,,,,0.0,,,,
1676621,,,,,,,,,,,,,,,,,,,,,,,,,,
1336545,,,Clothing Stores,,1.0,,,,,American Apparel Inc,1336545.0,,,,,,,,,,,0.0,,,,
822370,0.0,,Pharmaceutical and Medicine Manufacturing,0.0,0.0,-791000.0,-1000.0,11000.0,6000.0,Emmaus Life Sciences Inc,822370.0,6000.0,6000.0,6000.0,-19000.0,6000.0,1000.0,70000.0,,20000.0,-8000.0,1.0,6000.0,12000.0,,6000.0
822370,,,,,,,,,,,1371760.0,,,,,,,,,,,,,,,
822370,,,,,,,,,,,1125316.0,,,,,,,,,,,,,,,
1482753,,,Metal Ore Mining,,0.0,,,,,Ethos Gold Corp,1482753.0,,,,,,,,,,,1.0,,,,
1382941,,,"Data Processing, Hosting, and Related Services",,1.0,,,,,Consonus Technologies Inc,1382941.0,,,,,,,,,,,0.0,,,,
1402829,,,Other Heavy and Civil Engineering Construction,,0.0,,,,,Orion Group Holdings Inc,1402829.0,,,,,,,,,,,1.0,,,,
1352952,,,Software Publishers,,0.0,,,,,Cfn Enterprises Inc,1352952.0,,,,,,,,,,,1.0,,,,
1376231,,,Tobacco Manufacturing,,0.0,,,,,VPR Brands LP,1376231.0,,,,,,,,,,,1.0,,,,
1480313,,,Metal Ore Mining,,0.0,,,,,San Marco Resources Inc,1480313.0,,,,,,,,,,,1.0,,,,
1548240,,,"Greenhouse, Nursery, and Floriculture Production",,0.0,,,,,Yew Bio-Pharm Group Inc,1548240.0,,,,,,,,,,,1.0,,,,
1403301,,,Other Investment Pools and Funds,,1.0,,,,,RMR Dividend Capture Fund,1403301.0,,,,,,,,,,,0.0,,,,
1386303,,,Metal Ore Mining,,1.0,,,,,Zazu Metals Corp,1386303.0,,,,,,,,,,,0.0,,,,
1423556,,,"Machinery, Equipment, and Supplies Merchant Wholesalers",,0.0,,,,,Rocky Mountain Dealerships Inc,1423556.0,,,,,,,,,,,1.0,,,,
1411011,,,Metal Ore Mining,,1.0,,,,,Alloycorp Mining Inc,1411011.0,,,,,,,,,,,0.0,,,,
1366312,,,"Electric Power Generation, Transmission and Distribution",,0.0,,,,,Juhl Energy Inc,1366312.0,,,,,,,,,,,1.0,,,,
1414043,,,Software Publishers,,0.0,,,,,Friendable Inc,1414043.0,,,,,,,,,,,1.0,,,,
1413891,,,"Management, Scientific, and Technical Consulting Services",,0.0,,,,,Spectrum Global Solutions Inc,1413891.0,,,,,,,,,,,1.0,,,,
1175784,,,Pharmaceutical and Medicine Manufacturing,,1.0,,,,,Elixir Pharmaceuticals Inc,1175784.0,,,,,,,,,,,0.0,,,,
1410056,,,Support Activities for Mining,,1.0,,,,,Greenhunter Resources Inc,1410056.0,,,,,,,,,,,0.0,,,,
1410056,,,,,,,,,,,1395853.0,,,,,,,,,,,,,,,
1621373,,,Other Investment Pools and Funds,,0.0,,,,,Ceres Global Ag Corp,1621373.0,,,,,,,,,,,1.0,,,,
1415404,,,Communications Equipment Manufacturing,,0.0,,,,,EchoStar Corp,1415404.0,,,,,,,,,,,1.0,,,,
1403231,,,Computer Systems Design and Related Services,,0.0,,,,,Caduceus Software Systems Corp,1403231.0,,,,,,,,,,,1.0,,,,
1410402,,,Motion Picture and Video Industries,,0.0,,,,,Circle Entertainment Inc,1410402.0,,,,,,,,,,,1.0,,,,
1388686,,,"Ventilation, Heating, Air-Conditioning, and Commercial Refrigeration Equipment Manufacturing",,0.0,,,,,Premier Power Renewable Energy Inc,1388686.0,,,,,,,,,,,1.0,,,,
1406234,,,Support Activities for Road Transportation,,0.0,,,,,Brookfield Infrastructure Partners LP,1406234.0,,,,,,,,,,,1.0,,,,
1380277,,,"Navigational, Measuring, Electromedical, and Control Instruments Manufacturing",,0.0,,,,,Infrax Systems Inc,1380277.0,,,,,,,,,,,1.0,,,,
1424556,,,Metal Ore Mining,,0.0,,,,,Lydian International Ltd,1424556.0,,,,,,,,,,,1.0,,,,
1410703,,,Depository Credit Intermediation,,,,,,,Danvers Bancorp Inc,1410703.0,,,,,,,,,,,,,,,
1541119,,,Depository Credit Intermediation,,0.0,,,,,Sound Financial Bancorp Inc,1541119.0,,,,,,,,,,,1.0,,,,
1427437,,,"Electric Power Generation, Transmission and Distribution",,0.0,,,,,Entergy Texas Inc,1427437.0,,,,,,,,,,,1.0,,,,
1414490,,,Other Miscellaneous Manufacturing,,1.0,,,,,Octavian Global Technologies Inc,1414490.0,,,,,,,,,,,0.0,,,,
1514341,,,Metal Ore Mining,,0.0,,,,,Quest Rare Minerals Ltd,1514341.0,,,,,,,,,,,0.0,,,,
1120370,,,"Engine, Turbine, and Power Transmission Equipment Manufacturing",,0.0,,,,,Broadwind Energy Inc,1120370.0,,,,,,,,,,,1.0,,,,
1407437,,,Insurance Carriers,,0.0,,,,,Gerova Financial Group Ltd,1407437.0,,,,,,,,,,,1.0,,,,
1403302,,,Natural Gas Distribution,,1.0,,,,,Oge Enogex Partners LP,1403302.0,,,,,,,,,,,0.0,,,,
1411583,,,Pipeline Transportation of Natural Gas,,,,,,,Williams Pipeline Partners LP,1411583.0,,,,,,,,,,,,,,,
1412203,,,Other Investment Pools and Funds,,1.0,,,,,Sports Properties Acquisition Corp,1412203.0,,,,,,,,,,,0.0,,,,
1413609,,,Other Investment Pools and Funds,,,,,,,Atlas Acquisition Holdings Corp,1413609.0,,,,,,,,,,,,,,,
1415581,,,Other Investment Pools and Funds,,1.0,,,,,Trian Acquisition I Corp,1415581.0,,,,,,,,,,,0.0,,,,
1295172,,,Securities and Commodity Contracts Intermediation and Brokerage,,1.0,,,,,Riskmetrics Group LLC,1295172.0,,,,,,,,,,,0.0,,,,
1404675,,,"Water, Sewage and Other Systems",,1.0,,,,,Sembcorp Utilities Netherlands NV,1404675.0,,,,,,,,,,,0.0,,,,
1413040,,,Other Investment Pools and Funds,,,,,,,Global Alternative Asset Managment Inc,1413040.0,,,,,,,,,,,,,,,
1354030,,,"Management, Scientific, and Technical Consulting Services",,0.0,,,,,Organic Sales and Marketing Inc,1354030.0,,,,,,,,,,,1.0,,,,
1354030,,,,,,,,,,,1274271.0,,,,,,,,,,,,,,,
1414255,,,Other Investment Pools and Funds,,1.0,,,,,Sapphire Industrials Corp,1414255.0,,,,,,,,,,,0.0,,,,
1413898,,,"Newspaper, Periodical, Book, and Directory Publishers",,0.0,,,,,A. H. Belo Corp,1413898.0,,,,,,,,,,,1.0,,,,
1600125,,,Depository Credit Intermediation,,0.0,,,,,Meridian Bancorp Inc (MARYLAND),1600125.0,,,,,,,,,,,1.0,,,,
1410471,,,General Medical and Surgical Hospitals,,1.0,,,,,Intrepid Healthcare Services Inc,1410471.0,,,,,,,,,,,0.0,,,,
1420529,,,Educational Support Services,,0.0,,,,,ATA Inc,1420529.0,,,,,,,,,,,1.0,,,,
1341341,,,Medical Equipment and Supplies Manufacturing,,1.0,,,,,Transoma Medical Inc,1341341.0,,,,,,,,,,,0.0,,,,
1487999,,,Commercial and Industrial Machinery and Equipment Rental and Leasing,,1.0,,,,,SeaCube Container Leasing Ltd,1487999.0,,,,,,,,,,,0.0,,,,
1415362,,,Other Investment Pools and Funds,,1.0,,,,,Overture Acquisition Corp,1415362.0,,,,,,,,,,,0.0,,,,
1396118,,,Cut and Sew Apparel Manufacturing,,1.0,,,,,HW Holdings Inc,1396118.0,,,,,,,,,,,0.0,,,,
1515251,,,"Resin, Synthetic Rubber, and Artificial and Synthetic Fibers and Filaments Manufacturing",,0.0,,,,,Sixth Wave Innovations Inc,1515251.0,,,,,,,,,,,1.0,,,,
1412914,,,Other Investment Pools and Funds,,1.0,,,,,BlackRock Defined Opportunity Credit Trust,1412914.0,,,,,,,,,,,0.0,,,,
93631,13903000.0,35000.0,Clothing Stores,1097000.0,1.0,10663000.0,13191000.0,25458000.0,20335000.0,FOH Group Inc,93631.0,11292000.0,11292000.0,11292000.0,3120000.0,11292000.0,712000.0,9310000.0,1.51601,62483000.0,3903000.0,0.0,11292000.0,31627000.0,,8205000.0
1682145,,,,,,,,,,,,,,,,,,,,,,,,,,
1477961,,,Other Financial Investment Activities,,1.0,,,,,Latitude Solutions Inc,1477961.0,,,,,,,,,,,0.0,,,,
1383099,,,,,,,,,,Protagenic Therapeutics Inc,1383099.0,,,,,,,,,,,,,,,
1411303,,,Depository Credit Intermediation,,1.0,,,,,Justice Merger Sub Corp,1411303.0,,,,,,,,,,,0.0,,,,
1413119,,,"Resin, Synthetic Rubber, and Artificial and Synthetic Fibers and Filaments Manufacturing",,0.0,,,,,Kraig Biocraft Laboratories Inc,1413119.0,,,,,,,,,,,1.0,,,,
1368582,,,Investigation and Security Services,,1.0,,,,,ArcSight LLC,1368582.0,,,,,,,,,,,0.0,,,,
1368582,,,,,,,,,,,1172913.0,,,,,,,,,,,,,,,
1289814,,,Semiconductor and Other Electronic Component Manufacturing,,1.0,,,,,BCD Semiconductor Manufacturing Ltd,1289814.0,,,,,,,,,,,0.0,,,,
1411861,,,Medical Equipment and Supplies Manufacturing,,1.0,,,,,MAKO Surgical Corp,1411861.0,,,,,,,,,,,0.0,,,,
1424470,,,Radio and Television Broadcasting,,,,,,,Current Media Inc,1424470.0,,,,,,,,,,,,,,,
1419582,,,"Electric Power Generation, Transmission and Distribution",,0.0,,,,,Blue Sphere Corp,1419582.0,,,,,,,,,,,1.0,,,,
1361916,,,"Navigational, Measuring, Electromedical, and Control Instruments Manufacturing",,0.0,,,,,Asia Time Corp,1361916.0,,,,,,,,,,,1.0,,,,
1567861,,,Depository Credit Intermediation,,1.0,,,,,California Republic Bancorp,1567861.0,,,,,,,,,,,0.0,,,,
1396238,,,"Navigational, Measuring, Electromedical, and Control Instruments Manufacturing",,1.0,,,,,Iris Biotechnologies Inc,1396238.0,,,,,,,,,,,0.0,,,,
1415306,,,Electric Lighting Equipment Manufacturing,,0.0,,,,,PureSpectrum Inc,1415306.0,,,,,,,,,,,1.0,,,,
1424217,,,Computer Systems Design and Related Services,,1.0,,,,,Accuro Healthcare Solutions Inc,1424217.0,,,,,,,,,,,0.0,,,,
1180145,,,Medical Equipment and Supplies Manufacturing,,0.0,,,,,Cardiovascular Systems Inc,1180145.0,,,,,,,,,,,1.0,,,,
1255691,,,Electronic Shopping and Mail-Order Houses,,,,,,,Intelius Inc,1255691.0,,,,,,,,,,,,,,,
1421755,,,Communications Equipment Manufacturing,,,,,,,IPC Systems Holdings Corp,1421755.0,,,,,,,,,,,,,,,
1424342,,,Pharmaceutical and Medicine Manufacturing,,,,,,,Phenomix Corp,1424342.0,,,,,,,,,,,,,,,
1424342,,,,,,,,,,,1169194.0,,,,,,,,,,,,,,,
1425565,,,"Ventilation, Heating, Air-Conditioning, and Commercial Refrigeration Equipment Manufacturing",,0.0,,,,,Real Goods Solar Inc,1425565.0,,,,,,,,,,,1.0,,,,
1459108,,,Metal Ore Mining,,0.0,,,,,Colossus Minerals Inc,1459108.0,,,,,,,,,,,0.0,,,,
919745,,,Pharmaceutical and Medicine Manufacturing,,,,,,,Midatech Pharma US Inc,919745.0,,,,,,,,,,,,,,,
1402948,,,Metal Ore Mining,,0.0,,,,,Trevali Mining Corp,1402948.0,,,,,,,,,,,1.0,,,,
866291,,,Semiconductor and Other Electronic Component Manufacturing,,1.0,,,,,Allegro MicroSystems Inc,866291.0,,,,,,,,,,,0.0,,,,
1403001,,,Petroleum and Coal Products Manufacturing,,1.0,,,,,Abraxas Energy Partners LP,1403001.0,,,,,,,,,,,0.0,,,,
1411875,,,"Navigational, Measuring, Electromedical, and Control Instruments Manufacturing",,,,,,,Alma Lasers Ltd,1411875.0,,,,,,,,,,,,,,,
1410636,,,"Water, Sewage and Other Systems",,0.0,,,,,American Water Works Company Inc,1410636.0,,,,,,,,,,,1.0,,,,
1410636,,,,,,,,,,,318819.0,,,,,,,,,,,,,,,
1411158,,,Scientific Research and Development Services,,1.0,,,,,Anacor Pharmaceuticals Inc,1411158.0,,,,,,,,,,,0.0,,,,
1420176,,,Petroleum and Coal Products Manufacturing,,,,,,,Big West Oil Partners LP,1420176.0,,,,,,,,,,,,,,,
1574774,,,Medical and Diagnostic Laboratories,,0.0,,,,,BioTelemetry Inc,1574774.0,,,,,,,,,,,1.0,,,,
1372183,,,Travel Arrangement and Reservation Services,,0.0,,,,,Monaker Group Inc,1372183.0,,,,,,,,,,,1.0,,,,
1505611,0.0,,Electronics and Appliance Stores,,0.0,-48713000.0,-4386000.0,11212000.0,6842000.0,DecisionPoint Systems Inc,1505611.0,16801000.0,10601000.0,10601000.0,-32236000.0,10601000.0,5915000.0,6670000.0,13591.02564,14432000.0,-27375000.0,1.0,10601000.0,23643000.0,18276000.0,5313000.0
1505611,,,,,,,,,,,1404433.0,,,,,,,,,,,,,,,
1388311,,,Scientific Research and Development Services,,0.0,,,,,Kali Inc,1388311.0,,,,,,,,,,,1.0,,,,
1091756,16065000.0,2360000.0,Wired Telecommunications Carriers,,1.0,-27815000.0,-107601000.0,130035000.0,26569000.0,iBasis Inc,1091756.0,126903000.0,126903000.0,126903000.0,-21087000.0,126903000.0,123666000.0,,12.03161,19417000.0,-21632000.0,0.0,126903000.0,153473000.0,2997000.0,14880000.0
1385818,,,Scientific Research and Development Services,,0.0,,,,,Aytu BioScience Inc,1385818.0,,,,,,,,,,,1.0,,,,
1418255,,,Other Investment Pools and Funds,,1.0,,,,,BPW Acquisition Corp,1418255.0,,,,,,,,,,,0.0,,,,
1533289,,,Metal Ore Mining,,0.0,,,,,Opus One Resources Inc,1533289.0,,,,,,,6720000.0,,,,1.0,,,,
835688,1620000.0,37000.0,Scientific Research and Development Services,314000.0,0.0,-8965000.0,491000.0,8690000.0,7451000.0,Laxai Pharma Ltd,835688.0,6810000.0,5009000.0,5009000.0,-191000.0,5009000.0,1129000.0,3600000.0,1.07866,16583000.0,-322000.0,1.0,5009000.0,14261000.0,196000.0,6328000.0
1382574,,,Electronic Shopping and Mail-Order Houses,,0.0,,,,,Trxade Group Inc,1382574.0,,,,,,,,,,,1.0,,,,
1372267,,,Scientific Research and Development Services,,0.0,,,,,One Bio Corp,1372267.0,,,,,,,,,,,1.0,,,,
1412199,,,Nonscheduled Air Transportation,,,,,,,Pogo Jet Inc,1285395.0,,,,,,,,,,,,,,,
1412199,,,,,,,,,,,1355396.0,,,,,,,,,,,,,,,
1412199,,,,,,,,,,,1196518.0,,,,,,,,,,,,,,,
1412199,,,,,,,,,,,1412199.0,,,,,,,,,,,,,,,
1276477,,,"Newspaper, Periodical, Book, and Directory Publishers",,,,,,,Morris Publishing Group LLC,1276477.0,,,,,,,,,,,,,,,
1403674,,,Metal Ore Mining,,0.0,,,,,Portage Resources Inc,1403674.0,,,,,,,,,,,1.0,,,,
1403161,,,Activities Related to Credit Intermediation,,0.0,,,,,Visa Inc,1403161.0,,,,,,,,,,,1.0,,,,
1415305,,,Nonmetallic Mineral Mining and Quarrying,,0.0,,,,,First Liberty Power Corp,1415305.0,,,,,,,,,,,0.0,,,,
1629659,,,Depository Credit Intermediation,,0.0,,,,,Empire Bancorp Inc,1629659.0,,,,,,,,,,,1.0,,,,
1443939,,,Pharmaceutical and Medicine Manufacturing,,0.0,,,,,Dionymed Brands Inc,1443939.0,,,,,,,,,,,1.0,,,,
1765267,,,Metal Ore Mining,,0.0,,,,,Silver One Resources Inc,1765267.0,,,,,,,,,,,1.0,,,,
1420800,,,Other General Purpose Machinery Manufacturing,,0.0,,,,,Colfax Corp,1420800.0,,,,,,,,,,,1.0,,,,
1414515,,,Oil and Gas Extraction,,,,,,,Venoco Acquisition Co LP,1414515.0,,,,,,,,,,,,,,,
1139023,,,Computer and Peripheral Equipment Manufacturing,,,,,,,BlueArc Corp,1139023.0,,,,,,,,,,,,,,,
1139023,,,,,,,,,,,1257412.0,,,,,,,,,,,,,,,
1418055,,,Motion Picture and Video Industries,,1.0,,,,,Digital Domain,1418055.0,,,,,,,,,,,0.0,,,,
1411380,,,Medical Equipment and Supplies Manufacturing,,,,,,,Emphasys Medical Inc,1411380.0,,,,,,,,,,,,,,,
1355473,,,Medical Equipment and Supplies Manufacturing,,,,,,,eyeonics Inc,1355473.0,,,,,,,,,,,,,,,
1408710,,,Semiconductor and Other Electronic Component Manufacturing,,0.0,,,,,Fabrinet,1408710.0,,,,,,,,,,,1.0,,,,
1415277,,,Depository Credit Intermediation,,1.0,,,,,1st United Bancorp Inc,1415277.0,,,,,,,,,,,0.0,,,,
1415277,,,,,,,,,,,1113995.0,,,,,,,,,,,,,,,
1355304,,,Limited-Service Eating Places,,0.0,,,,,U-SWIRL Inc,1355304.0,,,,,,,,,,,1.0,,,,
1355304,,,,,,,,,,,1370577.0,,,,,,,,,,,,,,,
1403431,,,Waste Treatment and Disposal,,0.0,,,,,Heritage-Crystal Clean Inc,1403431.0,,,,,,,,,,,1.0,,,,
744218,563000.0,-269000.0,Pharmaceutical and Medicine Manufacturing,0.0,0.0,-133345000.0,-13056000.0,14490000.0,2470000.0,Celldex Therapeutics Inc,1286517.0,17413000.0,13889000.0,13889000.0,-11309000.0,13889000.0,13619000.0,377840000.0,51.9448,1484000.0,-11944000.0,1.0,13889000.0,19883000.0,1276000.0,2201000.0
744218,,,,,,,,,,,744218.0,,,,,,,,,,,,,,,
1413329,,,Tobacco Manufacturing,,0.0,,,,,Philip Morris International Inc,1413329.0,,,,,,,,,,,1.0,,,,
1413263,,,Health and Personal Care Stores,,0.0,,,,,China Jo-Jo Drugstores Inc,1413263.0,,,,,,,,,,,1.0,,,,
1275791,,,Business Support Services,,,,,,,Sizmek Technologies Inc,1275791.0,,,,,,,,,,,,,,,
1390352,,,Metal Ore Mining,,0.0,,,,,Oroco Resource Corp,1390352.0,,,,,,,,,,,1.0,,,,
1417398,,,Other Miscellaneous Manufacturing,,0.0,,,,,Hillenbrand Inc,1417398.0,,,,,,,,,,,1.0,,,,
1415935,,,"Soap, Cleaning Compound, and Toilet Preparation Manufacturing",,,,,,,Axius Inc,1415935.0,,,,,,,,,,,,,,,
1376742,,,"Architectural, Engineering, and Related Services",,1.0,,,,,Cavico Corp,1376742.0,,,,,,,20000.0,,,,0.0,,,,
1376742,,,,,,,,,,,1313701.0,,,,,,,,,,,,,,,
1420302,,,Manufacturing and Reproducing Magnetic and Optical Media,,0.0,,,,,LogMeIn Inc,1420302.0,,,,,,,,,,,1.0,,,,
1420302,,,,,,,,,,,1307685.0,,,,,,,,,,,,,,,
1426674,,,Medical and Diagnostic Laboratories,,,,,,,Bostwick Laboratories Inc,1426674.0,,,,,,,,,,,,,,,
1036279,,,Pharmaceutical and Medicine Manufacturing,,,,,,,CyDex Pharmaceuticals Inc,1036279.0,,,,,,,,,,,,,,,
1125490,,,Medical Equipment and Supplies Manufacturing,,,,,,,Medtronic Advanced Energy LLC,1125490.0,,,,,,,,,,,,,,,
1125490,,,,,,,,,,,1429735.0,,,,,,,,,,,,,,,
1340652,,,Scientific Research and Development Services,,0.0,,,,,ChemoCentryx Inc,1340652.0,,,,,,,,,,,1.0,,,,
1340652,,,,,,,,,,,1135796.0,,,,,,,,,,,,,,,
1375151,,,Pharmaceutical and Medicine Manufacturing,,0.0,,,,,Zogenix Inc,1375151.0,,,,,,,,,,,1.0,,,,
1739942,,,Software Publishers,,0.0,,,,,SolarWinds Corp,1739942.0,,,,,,,,,,,1.0,,,,
1301184,,,Computer Systems Design and Related Services,,,,,,,Glasshouse Technologies Inc,1301184.0,,,,,,,,,,,,,,,
1301184,,,,,,,,,,,1156075.0,,,,,,,,,,,,,,,
1407268,,,Semiconductor and Other Electronic Component Manufacturing,,0.0,,,,,ForceField Energy Inc,1407268.0,,,,,,,,,,,1.0,,,,
1411730,,,Motor Vehicle Parts Manufacturing,,1.0,,,,,Solaris Power Cells Inc,1411730.0,,,,,,,,,,,0.0,,,,
1261159,,,Lessors of Real Estate,,1.0,,,,,CNL Lifestyle Properties Inc,1261159.0,,,,,,,,,,,0.0,,,,
1416037,,,Oil and Gas Extraction,,,,,,,HK Energy Partners LP,1416037.0,,,,,,,,,,,,,,,
1357482,,,Computer Systems Design and Related Services,,1.0,,,,,Initiate Systems Inc,1357482.0,,,,,,,,,,,0.0,,,,
1516479,0.0,,Scientific Research and Development Services,,0.0,-1707000.0,-24665000.0,24986000.0,1046000.0,INSYS Therapeutics Inc,1516479.0,24004000.0,24004000.0,24004000.0,3754000.0,24004000.0,24665000.0,535820000.0,34.99227,11000000.0,4794000.0,1.0,24004000.0,25052000.0,,1046000.0
1424740,,,Medical Equipment and Supplies Manufacturing,,,,,,,Biotrove Inc,1424740.0,,,,,,,,,,,,,,,
1421517,,,"Engine, Turbine, and Power Transmission Equipment Manufacturing",,0.0,,,,,Energy Recovery Inc,1421517.0,,,,,,,,,,,1.0,,,,
1407463,,,Oil and Gas Extraction,,1.0,,,,,Pioneer Southwest Energy Partners LP,1407463.0,,,,,,,,,,,0.0,,,,
1404912,,,Other Financial Investment Activities,,0.0,,,,,KKR & Co Inc,1404912.0,,,,,,,,,,,1.0,,,,
1391323,,,"Advertising, Public Relations, and Related Services",,,,,,,NameMedia Inc,1391323.0,,,,,,,,,,,,,,,
1141961,,,Medical and Diagnostic Laboratories,,1.0,,,,,Prometheus Laboratories Inc,1141961.0,,,,,,,,,,,0.0,,,,
1518561,,,Metal Ore Mining,,0.0,,,,,Rockshield Capital Corp,1518561.0,,,,,,,,,,,1.0,,,,
1415744,,,Metal Ore Mining,,0.0,,,,,Northern Minerals & Exploration Ltd,1415744.0,,,,,,,,,,,1.0,,,,
1699130,,,,,,,,,,,,,,,,,,,,,,,,,,
1429688,,,Other Investment Pools and Funds,,0.0,,,,,FinTech Acquisition Corp,1429688.0,,,,,,,,,,,1.0,,,,
1422949,,,Oil and Gas Extraction,,0.0,,,,,Next Fuel Inc,1422949.0,,,,,,,,,,,1.0,,,,
1469510,,,,,,,,,,Cimarex Resolute LLC,1469510.0,,,,,,,,,,,,,,,
1410637,,,Motion Picture and Video Industries,,1.0,,,,,Sonar Entertainment Inc,1410637.0,,,,,,,,,,,0.0,,,,
1409285,,,Other Investment Pools and Funds,,,,,,,SOI Holdings Inc,1409285.0,,,,,,,,,,,,,,,
1421117,0.0,842000.0,Wireless Telecommunications Carriers (except Satellite),-2253000.0,,,-220000.0,21714000.0,9153000.0,Source Photonics Inc,1421117.0,13974000.0,13974000.0,13974000.0,4175000.0,13974000.0,220000.0,,0.09704,65264000.0,6933000.0,,13974000.0,23127000.0,,9153000.0
